fn,title
1-1_ENTER.html,1-1 エンターキーでつたえよう
1-2_LED.html,1-2 はじめのいっぽ、LED1
1-3_SHIFT.html,1-3 えもじでキーボードマスター
1-4_WAIT.html,1-4 じかんをあやつる、WAIT
1-5_RUN.html,1-5 はしれプログラム、RUN
1-6_GOTO.html,1-6 エルチカゲーム、GOTO
1-7_SAVE.html,1-7 プログラムをほぞんしよう、SAVE
1-8_QUIZ.html,1-8 IchigoJamクイズ、レベル1
2-1_KAWAKUDARI.html,2-1 かわくだりゲーム
2-2_LC.html,2-2 ざひょうとひょうじ
2-3_LET.html,2-3 へんすうというきおく
2-4_CALC.html,2-4 しそくけいさん
2-5_RND.html,2-5 がめんをランダムにうめよう
2-6_BTN.html,2-6 おもいをつたえるボタン
2-7_IF.html,2-7 はんだんさせよう、IF
2-8_QUIZ.html,2-8 IchigoJamクイズ、レベル2
3-1_OUT.html,3-1 ON/OFFコントロールする、OUT
3-2_IN.html,3-2 ONかOFFかをチェックする、IN
3-3_ANA.html,3-3 でんあつをはかる、ANA
3-4_PWM.html,3-2 ONかOFFかをチェックする、IN
